scenario,seed,dataset,detector_profile,status,tp,fp,tn,fn,precision,recall,f1,roc_auc
realistic-speed-range,0,TODO_DATASET,TODO_DETECTOR_PROFILE,TODO_DATASET_OR_DEPLOYMENT_REQUIRED,TODO: count from labeled detections,TODO: count from labeled detections,TODO: count from labeled detections,TODO: count from labeled detections,TODO: derive from TP/FP,TODO: derive from TP/FN,TODO: derive from precision/recall,TODO: compute from scores and labels
realistic-speed-range,1,TODO_DATASET,TODO_DETECTOR_PROFILE,TODO_DATASET_OR_DEPLOYMENT_REQUIRED,TODO: count from labeled detections,TODO: count from labeled detections,TODO: count from labeled detections,TODO: count from labeled detections,TODO: derive from TP/FP,TODO: derive from TP/FN,TODO: derive from precision/recall,TODO: compute from scores and labels
realistic-speed-range,2,TODO_DATASET,TODO_DETECTOR_PROFILE,TODO_DATASET_OR_DEPLOYMENT_REQUIRED,TODO: count from labeled detections,TODO: count from labeled detections,TODO: count from labeled detections,TODO: count from labeled detections,TODO: derive from TP/FP,TODO: derive from TP/FN,TODO: derive from precision/recall,TODO: compute from scores and labels
realistic-speed-range,3,TODO_DATASET,TODO_DETECTOR_PROFILE,TODO_DATASET_OR_DEPLOYMENT_REQUIRED,TODO: count from labeled detections,TODO: count from labeled detections,TODO: count from labeled detections,TODO: count from labeled detections,TODO: derive from TP/FP,TODO: derive from TP/FN,TODO: derive from precision/recall,TODO: compute from scores and labels
realistic-speed-range,4,TODO_DATASET,TODO_DETECTOR_PROFILE,TODO_DATASET_OR_DEPLOYMENT_REQUIRED,TODO: count from labeled detections,TODO: count from labeled detections,TODO: count from labeled detections,TODO: count from labeled detections,TODO: derive from TP/FP,TODO: derive from TP/FN,TODO: derive from precision/recall,TODO: compute from scores and labels
realistic-speed-range,5,TODO_DATASET,TODO_DETECTOR_PROFILE,TODO_DATASET_OR_DEPLOYMENT_REQUIRED,TODO: count from labeled detections,TODO: count from labeled detections,TODO: count from labeled detections,TODO: count from labeled detections,TODO: derive from TP/FP,TODO: derive from TP/FN,TODO: derive from precision/recall,TODO: compute from scores and labels
realistic-speed-range,6,TODO_DATASET,TODO_DETECTOR_PROFILE,TODO_DATASET_OR_DEPLOYMENT_REQUIRED,TODO: count from labeled detections,TODO: count from labeled detections,TODO: count from labeled detections,TODO: count from labeled detections,TODO: derive from TP/FP,TODO: derive from TP/FN,TODO: derive from precision/recall,TODO: compute from scores and labels
realistic-speed-range,7,TODO_DATASET,TODO_DETECTOR_PROFILE,TODO_DATASET_OR_DEPLOYMENT_REQUIRED,TODO: count from labeled detections,TODO: count from labeled detections,TODO: count from labeled detections,TODO: count from labeled detections,TODO: derive from TP/FP,TODO: derive from TP/FN,TODO: derive from precision/recall,TODO: compute from scores and labels
realistic-speed-range,8,TODO_DATASET,TODO_DETECTOR_PROFILE,TODO_DATASET_OR_DEPLOYMENT_REQUIRED,TODO: count from labeled detections,TODO: count from labeled detections,TODO: count from labeled detections,TODO: count from labeled detections,TODO: derive from TP/FP,TODO: derive from TP/FN,TODO: derive from precision/recall,TODO: compute from scores and labels
realistic-speed-range,9,TODO_DATASET,TODO_DETECTOR_PROFILE,TODO_DATASET_OR_DEPLOYMENT_REQUIRED,TODO: count from labeled detections,TODO: count from labeled detections,TODO: count from labeled detections,TODO: count from labeled detections,TODO: derive from TP/FP,TODO: derive from TP/FN,TODO: derive from precision/recall,TODO: compute from scores and labels
realistic-speed-range,10,TODO_DATASET,TODO_DETECTOR_PROFILE,TODO_DATASET_OR_DEPLOYMENT_REQUIRED,TODO: count from labeled detections,TODO: count from labeled detections,TODO: count from labeled detections,TODO: count from labeled detections,TODO: derive from TP/FP,TODO: derive from TP/FN,TODO: derive from precision/recall,TODO: compute from scores and labels
realistic-speed-range,11,TODO_DATASET,TODO_DETECTOR_PROFILE,TODO_DATASET_OR_DEPLOYMENT_REQUIRED,TODO: count from labeled detections,TODO: count from labeled detections,TODO: count from labeled detections,TODO: count from labeled detections,TODO: derive from TP/FP,TODO: derive from TP/FN,TODO: derive from precision/recall,TODO: compute from scores and labels
realistic-speed-range,12,TODO_DATASET,TODO_DETECTOR_PROFILE,TODO_DATASET_OR_DEPLOYMENT_REQUIRED,TODO: count from labeled detections,TODO: count from labeled detections,TODO: count from labeled detections,TODO: count from labeled detections,TODO: derive from TP/FP,TODO: derive from TP/FN,TODO: derive from precision/recall,TODO: compute from scores and labels
realistic-speed-range,13,TODO_DATASET,TODO_DETECTOR_PROFILE,TODO_DATASET_OR_DEPLOYMENT_REQUIRED,TODO: count from labeled detections,TODO: count from labeled detections,TODO: count from labeled detections,TODO: count from labeled detections,TODO: derive from TP/FP,TODO: derive from TP/FN,TODO: derive from precision/recall,TODO: compute from scores and labels
realistic-speed-range,14,TODO_DATASET,TODO_DETECTOR_PROFILE,TODO_DATASET_OR_DEPLOYMENT_REQUIRED,TODO: count from labeled detections,TODO: count from labeled detections,TODO: count from labeled detections,TODO: count from labeled detections,TODO: derive from TP/FP,TODO: derive from TP/FN,TODO: derive from precision/recall,TODO: compute from scores and labels
realistic-speed-range,15,TODO_DATASET,TODO_DETECTOR_PROFILE,TODO_DATASET_OR_DEPLOYMENT_REQUIRED,TODO: count from labeled detections,TODO: count from labeled detections,TODO: count from labeled detections,TODO: count from labeled detections,TODO: derive from TP/FP,TODO: derive from TP/FN,TODO: derive from precision/recall,TODO: compute from scores and labels
realistic-speed-range,16,TODO_DATASET,TODO_DETECTOR_PROFILE,TODO_DATASET_OR_DEPLOYMENT_REQUIRED,TODO: count from labeled detections,TODO: count from labeled detections,TODO: count from labeled detections,TODO: count from labeled detections,TODO: derive from TP/FP,TODO: derive from TP/FN,TODO: derive from precision/recall,TODO: compute from scores and labels
realistic-speed-range,17,TODO_DATASET,TODO_DETECTOR_PROFILE,TODO_DATASET_OR_DEPLOYMENT_REQUIRED,TODO: count from labeled detections,TODO: count from labeled detections,TODO: count from labeled detections,TODO: count from labeled detections,TODO: derive from TP/FP,TODO: derive from TP/FN,TODO: derive from precision/recall,TODO: compute from scores and labels
realistic-speed-range,18,TODO_DATASET,TODO_DETECTOR_PROFILE,TODO_DATASET_OR_DEPLOYMENT_REQUIRED,TODO: count from labeled detections,TODO: count from labeled detections,TODO: count from labeled detections,TODO: count from labeled detections,TODO: derive from TP/FP,TODO: derive from TP/FN,TODO: derive from precision/recall,TODO: compute from scores and labels
realistic-speed-range,19,TODO_DATASET,TODO_DETECTOR_PROFILE,TODO_DATASET_OR_DEPLOYMENT_REQUIRED,TODO: count from labeled detections,TODO: count from labeled detections,TODO: count from labeled detections,TODO: count from labeled detections,TODO: derive from TP/FP,TODO: derive from TP/FN,TODO: derive from precision/recall,TODO: compute from scores and labels
realistic-speed-range,20,TODO_DATASET,TODO_DETECTOR_PROFILE,TODO_DATASET_OR_DEPLOYMENT_REQUIRED,TODO: count from labeled detections,TODO: count from labeled detections,TODO: count from labeled detections,TODO: count from labeled detections,TODO: derive from TP/FP,TODO: derive from TP/FN,TODO: derive from precision/recall,TODO: compute from scores and labels
realistic-speed-range,21,TODO_DATASET,TODO_DETECTOR_PROFILE,TODO_DATASET_OR_DEPLOYMENT_REQUIRED,TODO: count from labeled detections,TODO: count from labeled detections,TODO: count from labeled detections,TODO: count from labeled detections,TODO: derive from TP/FP,TODO: derive from TP/FN,TODO: derive from precision/recall,TODO: compute from scores and labels
realistic-speed-range,22,TODO_DATASET,TODO_DETECTOR_PROFILE,TODO_DATASET_OR_DEPLOYMENT_REQUIRED,TODO: count from labeled detections,TODO: count from labeled detections,TODO: count from labeled detections,TODO: count from labeled detections,TODO: derive from TP/FP,TODO: derive from TP/FN,TODO: derive from precision/recall,TODO: compute from scores and labels
realistic-speed-range,23,TODO_DATASET,TODO_DETECTOR_PROFILE,TODO_DATASET_OR_DEPLOYMENT_REQUIRED,TODO: count from labeled detections,TODO: count from labeled detections,TODO: count from labeled detections,TODO: count from labeled detections,TODO: derive from TP/FP,TODO: derive from TP/FN,TODO: derive from precision/recall,TODO: compute from scores and labels
realistic-speed-range,24,TODO_DATASET,TODO_DETECTOR_PROFILE,TODO_DATASET_OR_DEPLOYMENT_REQUIRED,TODO: count from labeled detections,TODO: count from labeled detections,TODO: count from labeled detections,TODO: count from labeled detections,TODO: derive from TP/FP,TODO: derive from TP/FN,TODO: derive from precision/recall,TODO: compute from scores and labels
realistic-speed-range,25,TODO_DATASET,TODO_DETECTOR_PROFILE,TODO_DATASET_OR_DEPLOYMENT_REQUIRED,TODO: count from labeled detections,TODO: count from labeled detections,TODO: count from labeled detections,TODO: count from labeled detections,TODO: derive from TP/FP,TODO: derive from TP/FN,TODO: derive from precision/recall,TODO: compute from scores and labels
realistic-speed-range,26,TODO_DATASET,TODO_DETECTOR_PROFILE,TODO_DATASET_OR_DEPLOYMENT_REQUIRED,TODO: count from labeled detections,TODO: count from labeled detections,TODO: count from labeled detections,TODO: count from labeled detections,TODO: derive from TP/FP,TODO: derive from TP/FN,TODO: derive from precision/recall,TODO: compute from scores and labels
realistic-speed-range,27,TODO_DATASET,TODO_DETECTOR_PROFILE,TODO_DATASET_OR_DEPLOYMENT_REQUIRED,TODO: count from labeled detections,TODO: count from labeled detections,TODO: count from labeled detections,TODO: count from labeled detections,TODO: derive from TP/FP,TODO: derive from TP/FN,TODO: derive from precision/recall,TODO: compute from scores and labels
realistic-speed-range,28,TODO_DATASET,TODO_DETECTOR_PROFILE,TODO_DATASET_OR_DEPLOYMENT_REQUIRED,TODO: count from labeled detections,TODO: count from labeled detections,TODO: count from labeled detections,TODO: count from labeled detections,TODO: derive from TP/FP,TODO: derive from TP/FN,TODO: derive from precision/recall,TODO: compute from scores and labels
realistic-speed-range,29,TODO_DATASET,TODO_DETECTOR_PROFILE,TODO_DATASET_OR_DEPLOYMENT_REQUIRED,TODO: count from labeled detections,TODO: count from labeled detections,TODO: count from labeled detections,TODO: count from labeled detections,TODO: derive from TP/FP,TODO: derive from TP/FN,TODO: derive from precision/recall,TODO: compute from scores and labels
replay-attack,0,TODO_DATASET,TODO_DETECTOR_PROFILE,TODO_DATASET_OR_DEPLOYMENT_REQUIRED,TODO: count from labeled detections,TODO: count from labeled detections,TODO: count from labeled detections,TODO: count from labeled detections,TODO: derive from TP/FP,TODO: derive from TP/FN,TODO: derive from precision/recall,TODO: compute from scores and labels
replay-attack,1,TODO_DATASET,TODO_DETECTOR_PROFILE,TODO_DATASET_OR_DEPLOYMENT_REQUIRED,TODO: count from labeled detections,TODO: count from labeled detections,TODO: count from labeled detections,TODO: count from labeled detections,TODO: derive from TP/FP,TODO: derive from TP/FN,TODO: derive from precision/recall,TODO: compute from scores and labels
replay-attack,2,TODO_DATASET,TODO_DETECTOR_PROFILE,TODO_DATASET_OR_DEPLOYMENT_REQUIRED,TODO: count from labeled detections,TODO: count from labeled detections,TODO: count from labeled detections,TODO: count from labeled detections,TODO: derive from TP/FP,TODO: derive from TP/FN,TODO: derive from precision/recall,TODO: compute from scores and labels
replay-attack,3,TODO_DATASET,TODO_DETECTOR_PROFILE,TODO_DATASET_OR_DEPLOYMENT_REQUIRED,TODO: count from labeled detections,TODO: count from labeled detections,TODO: count from labeled detections,TODO: count from labeled detections,TODO: derive from TP/FP,TODO: derive from TP/FN,TODO: derive from precision/recall,TODO: compute from scores and labels
replay-attack,4,TODO_DATASET,TODO_DETECTOR_PROFILE,TODO_DATASET_OR_DEPLOYMENT_REQUIRED,TODO: count from labeled detections,TODO: count from labeled detections,TODO: count from labeled detections,TODO: count from labeled detections,TODO: derive from TP/FP,TODO: derive from TP/FN,TODO: derive from precision/recall,TODO: compute from scores and labels
replay-attack,5,TODO_DATASET,TODO_DETECTOR_PROFILE,TODO_DATASET_OR_DEPLOYMENT_REQUIRED,TODO: count from labeled detections,TODO: count from labeled detections,TODO: count from labeled detections,TODO: count from labeled detections,TODO: derive from TP/FP,TODO: derive from TP/FN,TODO: derive from precision/recall,TODO: compute from scores and labels
replay-attack,6,TODO_DATASET,TODO_DETECTOR_PROFILE,TODO_DATASET_OR_DEPLOYMENT_REQUIRED,TODO: count from labeled detections,TODO: count from labeled detections,TODO: count from labeled detections,TODO: count from labeled detections,TODO: derive from TP/FP,TODO: derive from TP/FN,TODO: derive from precision/recall,TODO: compute from scores and labels
replay-attack,7,TODO_DATASET,TODO_DETECTOR_PROFILE,TODO_DATASET_OR_DEPLOYMENT_REQUIRED,TODO: count from labeled detections,TODO: count from labeled detections,TODO: count from labeled detections,TODO: count from labeled detections,TODO: derive from TP/FP,TODO: derive from TP/FN,TODO: derive from precision/recall,TODO: compute from scores and labels
replay-attack,8,TODO_DATASET,TODO_DETECTOR_PROFILE,TODO_DATASET_OR_DEPLOYMENT_REQUIRED,TODO: count from labeled detections,TODO: count from labeled detections,TODO: count from labeled detections,TODO: count from labeled detections,TODO: derive from TP/FP,TODO: derive from TP/FN,TODO: derive from precision/recall,TODO: compute from scores and labels
replay-attack,9,TODO_DATASET,TODO_DETECTOR_PROFILE,TODO_DATASET_OR_DEPLOYMENT_REQUIRED,TODO: count from labeled detections,TODO: count from labeled detections,TODO: count from labeled detections,TODO: count from labeled detections,TODO: derive from TP/FP,TODO: derive from TP/FN,TODO: derive from precision/recall,TODO: compute from scores and labels
replay-attack,10,TODO_DATASET,TODO_DETECTOR_PROFILE,TODO_DATASET_OR_DEPLOYMENT_REQUIRED,TODO: count from labeled detections,TODO: count from labeled detections,TODO: count from labeled detections,TODO: count from labeled detections,TODO: derive from TP/FP,TODO: derive from TP/FN,TODO: derive from precision/recall,TODO: compute from scores and labels
replay-attack,11,TODO_DATASET,TODO_DETECTOR_PROFILE,TODO_DATASET_OR_DEPLOYMENT_REQUIRED,TODO: count from labeled detections,TODO: count from labeled detections,TODO: count from labeled detections,TODO: count from labeled detections,TODO: derive from TP/FP,TODO: derive from TP/FN,TODO: derive from precision/recall,TODO: compute from scores and labels
replay-attack,12,TODO_DATASET,TODO_DETECTOR_PROFILE,TODO_DATASET_OR_DEPLOYMENT_REQUIRED,TODO: count from labeled detections,TODO: count from labeled detections,TODO: count from labeled detections,TODO: count from labeled detections,TODO: derive from TP/FP,TODO: derive from TP/FN,TODO: derive from precision/recall,TODO: compute from scores and labels
replay-attack,13,TODO_DATASET,TODO_DETECTOR_PROFILE,TODO_DATASET_OR_DEPLOYMENT_REQUIRED,TODO: count from labeled detections,TODO: count from labeled detections,TODO: count from labeled detections,TODO: count from labeled detections,TODO: derive from TP/FP,TODO: derive from TP/FN,TODO: derive from precision/recall,TODO: compute from scores and labels
replay-attack,14,TODO_DATASET,TODO_DETECTOR_PROFILE,TODO_DATASET_OR_DEPLOYMENT_REQUIRED,TODO: count from labeled detections,TODO: count from labeled detections,TODO: count from labeled detections,TODO: count from labeled detections,TODO: derive from TP/FP,TODO: derive from TP/FN,TODO: derive from precision/recall,TODO: compute from scores and labels
replay-attack,15,TODO_DATASET,TODO_DETECTOR_PROFILE,TODO_DATASET_OR_DEPLOYMENT_REQUIRED,TODO: count from labeled detections,TODO: count from labeled detections,TODO: count from labeled detections,TODO: count from labeled detections,TODO: derive from TP/FP,TODO: derive from TP/FN,TODO: derive from precision/recall,TODO: compute from scores and labels
replay-attack,16,TODO_DATASET,TODO_DETECTOR_PROFILE,TODO_DATASET_OR_DEPLOYMENT_REQUIRED,TODO: count from labeled detections,TODO: count from labeled detections,TODO: count from labeled detections,TODO: count from labeled detections,TODO: derive from TP/FP,TODO: derive from TP/FN,TODO: derive from precision/recall,TODO: compute from scores and labels
replay-attack,17,TODO_DATASET,TODO_DETECTOR_PROFILE,TODO_DATASET_OR_DEPLOYMENT_REQUIRED,TODO: count from labeled detections,TODO: count from labeled detections,TODO: count from labeled detections,TODO: count from labeled detections,TODO: derive from TP/FP,TODO: derive from TP/FN,TODO: derive from precision/recall,TODO: compute from scores and labels
replay-attack,18,TODO_DATASET,TODO_DETECTOR_PROFILE,TODO_DATASET_OR_DEPLOYMENT_REQUIRED,TODO: count from labeled detections,TODO: count from labeled detections,TODO: count from labeled detections,TODO: count from labeled detections,TODO: derive from TP/FP,TODO: derive from TP/FN,TODO: derive from precision/recall,TODO: compute from scores and labels
replay-attack,19,TODO_DATASET,TODO_DETECTOR_PROFILE,TODO_DATASET_OR_DEPLOYMENT_REQUIRED,TODO: count from labeled detections,TODO: count from labeled detections,TODO: count from labeled detections,TODO: count from labeled detections,TODO: derive from TP/FP,TODO: derive from TP/FN,TODO: derive from precision/recall,TODO: compute from scores and labels
replay-attack,20,TODO_DATASET,TODO_DETECTOR_PROFILE,TODO_DATASET_OR_DEPLOYMENT_REQUIRED,TODO: count from labeled detections,TODO: count from labeled detections,TODO: count from labeled detections,TODO: count from labeled detections,TODO: derive from TP/FP,TODO: derive from TP/FN,TODO: derive from precision/recall,TODO: compute from scores and labels
replay-attack,21,TODO_DATASET,TODO_DETECTOR_PROFILE,TODO_DATASET_OR_DEPLOYMENT_REQUIRED,TODO: count from labeled detections,TODO: count from labeled detections,TODO: count from labeled detections,TODO: count from labeled detections,TODO: derive from TP/FP,TODO: derive from TP/FN,TODO: derive from precision/recall,TODO: compute from scores and labels
replay-attack,22,TODO_DATASET,TODO_DETECTOR_PROFILE,TODO_DATASET_OR_DEPLOYMENT_REQUIRED,TODO: count from labeled detections,TODO: count from labeled detections,TODO: count from labeled detections,TODO: count from labeled detections,TODO: derive from TP/FP,TODO: derive from TP/FN,TODO: derive from precision/recall,TODO: compute from scores and labels
replay-attack,23,TODO_DATASET,TODO_DETECTOR_PROFILE,TODO_DATASET_OR_DEPLOYMENT_REQUIRED,TODO: count from labeled detections,TODO: count from labeled detections,TODO: count from labeled detections,TODO: count from labeled detections,TODO: derive from TP/FP,TODO: derive from TP/FN,TODO: derive from precision/recall,TODO: compute from scores and labels
replay-attack,24,TODO_DATASET,TODO_DETECTOR_PROFILE,TODO_DATASET_OR_DEPLOYMENT_REQUIRED,TODO: count from labeled detections,TODO: count from labeled detections,TODO: count from labeled detections,TODO: count from labeled detections,TODO: derive from TP/FP,TODO: derive from TP/FN,TODO: derive from precision/recall,TODO: compute from scores and labels
replay-attack,25,TODO_DATASET,TODO_DETECTOR_PROFILE,TODO_DATASET_OR_DEPLOYMENT_REQUIRED,TODO: count from labeled detections,TODO: count from labeled detections,TODO: count from labeled detections,TODO: count from labeled detections,TODO: derive from TP/FP,TODO: derive from TP/FN,TODO: derive from precision/recall,TODO: compute from scores and labels
replay-attack,26,TODO_DATASET,TODO_DETECTOR_PROFILE,TODO_DATASET_OR_DEPLOYMENT_REQUIRED,TODO: count from labeled detections,TODO: count from labeled detections,TODO: count from labeled detections,TODO: count from labeled detections,TODO: derive from TP/FP,TODO: derive from TP/FN,TODO: derive from precision/recall,TODO: compute from scores and labels
replay-attack,27,TODO_DATASET,TODO_DETECTOR_PROFILE,TODO_DATASET_OR_DEPLOYMENT_REQUIRED,TODO: count from labeled detections,TODO: count from labeled detections,TODO: count from labeled detections,TODO: count from labeled detections,TODO: derive from TP/FP,TODO: derive from TP/FN,TODO: derive from precision/recall,TODO: compute from scores and labels
replay-attack,28,TODO_DATASET,TODO_DETECTOR_PROFILE,TODO_DATASET_OR_DEPLOYMENT_REQUIRED,TODO: count from labeled detections,TODO: count from labeled detections,TODO: count from labeled detections,TODO: count from labeled detections,TODO: derive from TP/FP,TODO: derive from TP/FN,TODO: derive from precision/recall,TODO: compute from scores and labels
replay-attack,29,TODO_DATASET,TODO_DETECTOR_PROFILE,TODO_DATASET_OR_DEPLOYMENT_REQUIRED,TODO: count from labeled detections,TODO: count from labeled detections,TODO: count from labeled detections,TODO: count from labeled detections,TODO: derive from TP/FP,TODO: derive from TP/FN,TODO: derive from precision/recall,TODO: compute from scores and labels
timing-attack,0,TODO_DATASET,TODO_DETECTOR_PROFILE,TODO_DATASET_OR_DEPLOYMENT_REQUIRED,TODO: count from labeled detections,TODO: count from labeled detections,TODO: count from labeled detections,TODO: count from labeled detections,TODO: derive from TP/FP,TODO: derive from TP/FN,TODO: derive from precision/recall,TODO: compute from scores and labels
timing-attack,1,TODO_DATASET,TODO_DETECTOR_PROFILE,TODO_DATASET_OR_DEPLOYMENT_REQUIRED,TODO: count from labeled detections,TODO: count from labeled detections,TODO: count from labeled detections,TODO: count from labeled detections,TODO: derive from TP/FP,TODO: derive from TP/FN,TODO: derive from precision/recall,TODO: compute from scores and labels
timing-attack,2,TODO_DATASET,TODO_DETECTOR_PROFILE,TODO_DATASET_OR_DEPLOYMENT_REQUIRED,TODO: count from labeled detections,TODO: count from labeled detections,TODO: count from labeled detections,TODO: count from labeled detections,TODO: derive from TP/FP,TODO: derive from TP/FN,TODO: derive from precision/recall,TODO: compute from scores and labels
timing-attack,3,TODO_DATASET,TODO_DETECTOR_PROFILE,TODO_DATASET_OR_DEPLOYMENT_REQUIRED,TODO: count from labeled detections,TODO: count from labeled detections,TODO: count from labeled detections,TODO: count from labeled detections,TODO: derive from TP/FP,TODO: derive from TP/FN,TODO: derive from precision/recall,TODO: compute from scores and labels
timing-attack,4,TODO_DATASET,TODO_DETECTOR_PROFILE,TODO_DATASET_OR_DEPLOYMENT_REQUIRED,TODO: count from labeled detections,TODO: count from labeled detections,TODO: count from labeled detections,TODO: count from labeled detections,TODO: derive from TP/FP,TODO: derive from TP/FN,TODO: derive from precision/recall,TODO: compute from scores and labels
timing-attack,5,TODO_DATASET,TODO_DETECTOR_PROFILE,TODO_DATASET_OR_DEPLOYMENT_REQUIRED,TODO: count from labeled detections,TODO: count from labeled detections,TODO: count from labeled detections,TODO: count from labeled detections,TODO: derive from TP/FP,TODO: derive from TP/FN,TODO: derive from precision/recall,TODO: compute from scores and labels
timing-attack,6,TODO_DATASET,TODO_DETECTOR_PROFILE,TODO_DATASET_OR_DEPLOYMENT_REQUIRED,TODO: count from labeled detections,TODO: count from labeled detections,TODO: count from labeled detections,TODO: count from labeled detections,TODO: derive from TP/FP,TODO: derive from TP/FN,TODO: derive from precision/recall,TODO: compute from scores and labels
timing-attack,7,TODO_DATASET,TODO_DETECTOR_PROFILE,TODO_DATASET_OR_DEPLOYMENT_REQUIRED,TODO: count from labeled detections,TODO: count from labeled detections,TODO: count from labeled detections,TODO: count from labeled detections,TODO: derive from TP/FP,TODO: derive from TP/FN,TODO: derive from precision/recall,TODO: compute from scores and labels
timing-attack,8,TODO_DATASET,TODO_DETECTOR_PROFILE,TODO_DATASET_OR_DEPLOYMENT_REQUIRED,TODO: count from labeled detections,TODO: count from labeled detections,TODO: count from labeled detections,TODO: count from labeled detections,TODO: derive from TP/FP,TODO: derive from TP/FN,TODO: derive from precision/recall,TODO: compute from scores and labels
timing-attack,9,TODO_DATASET,TODO_DETECTOR_PROFILE,TODO_DATASET_OR_DEPLOYMENT_REQUIRED,TODO: count from labeled detections,TODO: count from labeled detections,TODO: count from labeled detections,TODO: count from labeled detections,TODO: derive from TP/FP,TODO: derive from TP/FN,TODO: derive from precision/recall,TODO: compute from scores and labels
timing-attack,10,TODO_DATASET,TODO_DETECTOR_PROFILE,TODO_DATASET_OR_DEPLOYMENT_REQUIRED,TODO: count from labeled detections,TODO: count from labeled detections,TODO: count from labeled detections,TODO: count from labeled detections,TODO: derive from TP/FP,TODO: derive from TP/FN,TODO: derive from precision/recall,TODO: compute from scores and labels
timing-attack,11,TODO_DATASET,TODO_DETECTOR_PROFILE,TODO_DATASET_OR_DEPLOYMENT_REQUIRED,TODO: count from labeled detections,TODO: count from labeled detections,TODO: count from labeled detections,TODO: count from labeled detections,TODO: derive from TP/FP,TODO: derive from TP/FN,TODO: derive from precision/recall,TODO: compute from scores and labels
timing-attack,12,TODO_DATASET,TODO_DETECTOR_PROFILE,TODO_DATASET_OR_DEPLOYMENT_REQUIRED,TODO: count from labeled detections,TODO: count from labeled detections,TODO: count from labeled detections,TODO: count from labeled detections,TODO: derive from TP/FP,TODO: derive from TP/FN,TODO: derive from precision/recall,TODO: compute from scores and labels
timing-attack,13,TODO_DATASET,TODO_DETECTOR_PROFILE,TODO_DATASET_OR_DEPLOYMENT_REQUIRED,TODO: count from labeled detections,TODO: count from labeled detections,TODO: count from labeled detections,TODO: count from labeled detections,TODO: derive from TP/FP,TODO: derive from TP/FN,TODO: derive from precision/recall,TODO: compute from scores and labels
timing-attack,14,TODO_DATASET,TODO_DETECTOR_PROFILE,TODO_DATASET_OR_DEPLOYMENT_REQUIRED,TODO: count from labeled detections,TODO: count from labeled detections,TODO: count from labeled detections,TODO: count from labeled detections,TODO: derive from TP/FP,TODO: derive from TP/FN,TODO: derive from precision/recall,TODO: compute from scores and labels
timing-attack,15,TODO_DATASET,TODO_DETECTOR_PROFILE,TODO_DATASET_OR_DEPLOYMENT_REQUIRED,TODO: count from labeled detections,TODO: count from labeled detections,TODO: count from labeled detections,TODO: count from labeled detections,TODO: derive from TP/FP,TODO: derive from TP/FN,TODO: derive from precision/recall,TODO: compute from scores and labels
timing-attack,16,TODO_DATASET,TODO_DETECTOR_PROFILE,TODO_DATASET_OR_DEPLOYMENT_REQUIRED,TODO: count from labeled detections,TODO: count from labeled detections,TODO: count from labeled detections,TODO: count from labeled detections,TODO: derive from TP/FP,TODO: derive from TP/FN,TODO: derive from precision/recall,TODO: compute from scores and labels
timing-attack,17,TODO_DATASET,TODO_DETECTOR_PROFILE,TODO_DATASET_OR_DEPLOYMENT_REQUIRED,TODO: count from labeled detections,TODO: count from labeled detections,TODO: count from labeled detections,TODO: count from labeled detections,TODO: derive from TP/FP,TODO: derive from TP/FN,TODO: derive from precision/recall,TODO: compute from scores and labels
timing-attack,18,TODO_DATASET,TODO_DETECTOR_PROFILE,TODO_DATASET_OR_DEPLOYMENT_REQUIRED,TODO: count from labeled detections,TODO: count from labeled detections,TODO: count from labeled detections,TODO: count from labeled detections,TODO: derive from TP/FP,TODO: derive from TP/FN,TODO: derive from precision/recall,TODO: compute from scores and labels
timing-attack,19,TODO_DATASET,TODO_DETECTOR_PROFILE,TODO_DATASET_OR_DEPLOYMENT_REQUIRED,TODO: count from labeled detections,TODO: count from labeled detections,TODO: count from labeled detections,TODO: count from labeled detections,TODO: derive from TP/FP,TODO: derive from TP/FN,TODO: derive from precision/recall,TODO: compute from scores and labels
timing-attack,20,TODO_DATASET,TODO_DETECTOR_PROFILE,TODO_DATASET_OR_DEPLOYMENT_REQUIRED,TODO: count from labeled detections,TODO: count from labeled detections,TODO: count from labeled detections,TODO: count from labeled detections,TODO: derive from TP/FP,TODO: derive from TP/FN,TODO: derive from precision/recall,TODO: compute from scores and labels
timing-attack,21,TODO_DATASET,TODO_DETECTOR_PROFILE,TODO_DATASET_OR_DEPLOYMENT_REQUIRED,TODO: count from labeled detections,TODO: count from labeled detections,TODO: count from labeled detections,TODO: count from labeled detections,TODO: derive from TP/FP,TODO: derive from TP/FN,TODO: derive from precision/recall,TODO: compute from scores and labels
timing-attack,22,TODO_DATASET,TODO_DETECTOR_PROFILE,TODO_DATASET_OR_DEPLOYMENT_REQUIRED,TODO: count from labeled detections,TODO: count from labeled detections,TODO: count from labeled detections,TODO: count from labeled detections,TODO: derive from TP/FP,TODO: derive from TP/FN,TODO: derive from precision/recall,TODO: compute from scores and labels
timing-attack,23,TODO_DATASET,TODO_DETECTOR_PROFILE,TODO_DATASET_OR_DEPLOYMENT_REQUIRED,TODO: count from labeled detections,TODO: count from labeled detections,TODO: count from labeled detections,TODO: count from labeled detections,TODO: derive from TP/FP,TODO: derive from TP/FN,TODO: derive from precision/recall,TODO: compute from scores and labels
timing-attack,24,TODO_DATASET,TODO_DETECTOR_PROFILE,TODO_DATASET_OR_DEPLOYMENT_REQUIRED,TODO: count from labeled detections,TODO: count from labeled detections,TODO: count from labeled detections,TODO: count from labeled detections,TODO: derive from TP/FP,TODO: derive from TP/FN,TODO: derive from precision/recall,TODO: compute from scores and labels
timing-attack,25,TODO_DATASET,TODO_DETECTOR_PROFILE,TODO_DATASET_OR_DEPLOYMENT_REQUIRED,TODO: count from labeled detections,TODO: count from labeled detections,TODO: count from labeled detections,TODO: count from labeled detections,TODO: derive from TP/FP,TODO: derive from TP/FN,TODO: derive from precision/recall,TODO: compute from scores and labels
timing-attack,26,TODO_DATASET,TODO_DETECTOR_PROFILE,TODO_DATASET_OR_DEPLOYMENT_REQUIRED,TODO: count from labeled detections,TODO: count from labeled detections,TODO: count from labeled detections,TODO: count from labeled detections,TODO: derive from TP/FP,TODO: derive from TP/FN,TODO: derive from precision/recall,TODO: compute from scores and labels
timing-attack,27,TODO_DATASET,TODO_DETECTOR_PROFILE,TODO_DATASET_OR_DEPLOYMENT_REQUIRED,TODO: count from labeled detections,TODO: count from labeled detections,TODO: count from labeled detections,TODO: count from labeled detections,TODO: derive from TP/FP,TODO: derive from TP/FN,TODO: derive from precision/recall,TODO: compute from scores and labels
timing-attack,28,TODO_DATASET,TODO_DETECTOR_PROFILE,TODO_DATASET_OR_DEPLOYMENT_REQUIRED,TODO: count from labeled detections,TODO: count from labeled detections,TODO: count from labeled detections,TODO: count from labeled detections,TODO: derive from TP/FP,TODO: derive from TP/FN,TODO: derive from precision/recall,TODO: compute from scores and labels
timing-attack,29,TODO_DATASET,TODO_DETECTOR_PROFILE,TODO_DATASET_OR_DEPLOYMENT_REQUIRED,TODO: count from labeled detections,TODO: count from labeled detections,TODO: count from labeled detections,TODO: count from labeled detections,TODO: derive from TP/FP,TODO: derive from TP/FN,TODO: derive from precision/recall,TODO: compute from scores and labels
gps-drift,0,TODO_DATASET,TODO_DETECTOR_PROFILE,TODO_DATASET_OR_DEPLOYMENT_REQUIRED,TODO: count from labeled detections,TODO: count from labeled detections,TODO: count from labeled detections,TODO: count from labeled detections,TODO: derive from TP/FP,TODO: derive from TP/FN,TODO: derive from precision/recall,TODO: compute from scores and labels
gps-drift,1,TODO_DATASET,TODO_DETECTOR_PROFILE,TODO_DATASET_OR_DEPLOYMENT_REQUIRED,TODO: count from labeled detections,TODO: count from labeled detections,TODO: count from labeled detections,TODO: count from labeled detections,TODO: derive from TP/FP,TODO: derive from TP/FN,TODO: derive from precision/recall,TODO: compute from scores and labels
gps-drift,2,TODO_DATASET,TODO_DETECTOR_PROFILE,TODO_DATASET_OR_DEPLOYMENT_REQUIRED,TODO: count from labeled detections,TODO: count from labeled detections,TODO: count from labeled detections,TODO: count from labeled detections,TODO: derive from TP/FP,TODO: derive from TP/FN,TODO: derive from precision/recall,TODO: compute from scores and labels
gps-drift,3,TODO_DATASET,TODO_DETECTOR_PROFILE,TODO_DATASET_OR_DEPLOYMENT_REQUIRED,TODO: count from labeled detections,TODO: count from labeled detections,TODO: count from labeled detections,TODO: count from labeled detections,TODO: derive from TP/FP,TODO: derive from TP/FN,TODO: derive from precision/recall,TODO: compute from scores and labels
gps-drift,4,TODO_DATASET,TODO_DETECTOR_PROFILE,TODO_DATASET_OR_DEPLOYMENT_REQUIRED,TODO: count from labeled detections,TODO: count from labeled detections,TODO: count from labeled detections,TODO: count from labeled detections,TODO: derive from TP/FP,TODO: derive from TP/FN,TODO: derive from precision/recall,TODO: compute from scores and labels
gps-drift,5,TODO_DATASET,TODO_DETECTOR_PROFILE,TODO_DATASET_OR_DEPLOYMENT_REQUIRED,TODO: count from labeled detections,TODO: count from labeled detections,TODO: count from labeled detections,TODO: count from labeled detections,TODO: derive from TP/FP,TODO: derive from TP/FN,TODO: derive from precision/recall,TODO: compute from scores and labels
gps-drift,6,TODO_DATASET,TODO_DETECTOR_PROFILE,TODO_DATASET_OR_DEPLOYMENT_REQUIRED,TODO: count from labeled detections,TODO: count from labeled detections,TODO: count from labeled detections,TODO: count from labeled detections,TODO: derive from TP/FP,TODO: derive from TP/FN,TODO: derive from precision/recall,TODO: compute from scores and labels
gps-drift,7,TODO_DATASET,TODO_DETECTOR_PROFILE,TODO_DATASET_OR_DEPLOYMENT_REQUIRED,TODO: count from labeled detections,TODO: count from labeled detections,TODO: count from labeled detections,TODO: count from labeled detections,TODO: derive from TP/FP,TODO: derive from TP/FN,TODO: derive from precision/recall,TODO: compute from scores and labels
gps-drift,8,TODO_DATASET,TODO_DETECTOR_PROFILE,TODO_DATASET_OR_DEPLOYMENT_REQUIRED,TODO: count from labeled detections,TODO: count from labeled detections,TODO: count from labeled detections,TODO: count from labeled detections,TODO: derive from TP/FP,TODO: derive from TP/FN,TODO: derive from precision/recall,TODO: compute from scores and labels
gps-drift,9,TODO_DATASET,TODO_DETECTOR_PROFILE,TODO_DATASET_OR_DEPLOYMENT_REQUIRED,TODO: count from labeled detections,TODO: count from labeled detections,TODO: count from labeled detections,TODO: count from labeled detections,TODO: derive from TP/FP,TODO: derive from TP/FN,TODO: derive from precision/recall,TODO: compute from scores and labels
gps-drift,10,TODO_DATASET,TODO_DETECTOR_PROFILE,TODO_DATASET_OR_DEPLOYMENT_REQUIRED,TODO: count from labeled detections,TODO: count from labeled detections,TODO: count from labeled detections,TODO: count from labeled detections,TODO: derive from TP/FP,TODO: derive from TP/FN,TODO: derive from precision/recall,TODO: compute from scores and labels
gps-drift,11,TODO_DATASET,TODO_DETECTOR_PROFILE,TODO_DATASET_OR_DEPLOYMENT_REQUIRED,TODO: count from labeled detections,TODO: count from labeled detections,TODO: count from labeled detections,TODO: count from labeled detections,TODO: derive from TP/FP,TODO: derive from TP/FN,TODO: derive from precision/recall,TODO: compute from scores and labels
gps-drift,12,TODO_DATASET,TODO_DETECTOR_PROFILE,TODO_DATASET_OR_DEPLOYMENT_REQUIRED,TODO: count from labeled detections,TODO: count from labeled detections,TODO: count from labeled detections,TODO: count from labeled detections,TODO: derive from TP/FP,TODO: derive from TP/FN,TODO: derive from precision/recall,TODO: compute from scores and labels
gps-drift,13,TODO_DATASET,TODO_DETECTOR_PROFILE,TODO_DATASET_OR_DEPLOYMENT_REQUIRED,TODO: count from labeled detections,TODO: count from labeled detections,TODO: count from labeled detections,TODO: count from labeled detections,TODO: derive from TP/FP,TODO: derive from TP/FN,TODO: derive from precision/recall,TODO: compute from scores and labels
gps-drift,14,TODO_DATASET,TODO_DETECTOR_PROFILE,TODO_DATASET_OR_DEPLOYMENT_REQUIRED,TODO: count from labeled detections,TODO: count from labeled detections,TODO: count from labeled detections,TODO: count from labeled detections,TODO: derive from TP/FP,TODO: derive from TP/FN,TODO: derive from precision/recall,TODO: compute from scores and labels
gps-drift,15,TODO_DATASET,TODO_DETECTOR_PROFILE,TODO_DATASET_OR_DEPLOYMENT_REQUIRED,TODO: count from labeled detections,TODO: count from labeled detections,TODO: count from labeled detections,TODO: count from labeled detections,TODO: derive from TP/FP,TODO: derive from TP/FN,TODO: derive from precision/recall,TODO: compute from scores and labels
gps-drift,16,TODO_DATASET,TODO_DETECTOR_PROFILE,TODO_DATASET_OR_DEPLOYMENT_REQUIRED,TODO: count from labeled detections,TODO: count from labeled detections,TODO: count from labeled detections,TODO: count from labeled detections,TODO: derive from TP/FP,TODO: derive from TP/FN,TODO: derive from precision/recall,TODO: compute from scores and labels
gps-drift,17,TODO_DATASET,TODO_DETECTOR_PROFILE,TODO_DATASET_OR_DEPLOYMENT_REQUIRED,TODO: count from labeled detections,TODO: count from labeled detections,TODO: count from labeled detections,TODO: count from labeled detections,TODO: derive from TP/FP,TODO: derive from TP/FN,TODO: derive from precision/recall,TODO: compute from scores and labels
gps-drift,18,TODO_DATASET,TODO_DETECTOR_PROFILE,TODO_DATASET_OR_DEPLOYMENT_REQUIRED,TODO: count from labeled detections,TODO: count from labeled detections,TODO: count from labeled detections,TODO: count from labeled detections,TODO: derive from TP/FP,TODO: derive from TP/FN,TODO: derive from precision/recall,TODO: compute from scores and labels
gps-drift,19,TODO_DATASET,TODO_DETECTOR_PROFILE,TODO_DATASET_OR_DEPLOYMENT_REQUIRED,TODO: count from labeled detections,TODO: count from labeled detections,TODO: count from labeled detections,TODO: count from labeled detections,TODO: derive from TP/FP,TODO: derive from TP/FN,TODO: derive from precision/recall,TODO: compute from scores and labels
gps-drift,20,TODO_DATASET,TODO_DETECTOR_PROFILE,TODO_DATASET_OR_DEPLOYMENT_REQUIRED,TODO: count from labeled detections,TODO: count from labeled detections,TODO: count from labeled detections,TODO: count from labeled detections,TODO: derive from TP/FP,TODO: derive from TP/FN,TODO: derive from precision/recall,TODO: compute from scores and labels
gps-drift,21,TODO_DATASET,TODO_DETECTOR_PROFILE,TODO_DATASET_OR_DEPLOYMENT_REQUIRED,TODO: count from labeled detections,TODO: count from labeled detections,TODO: count from labeled detections,TODO: count from labeled detections,TODO: derive from TP/FP,TODO: derive from TP/FN,TODO: derive from precision/recall,TODO: compute from scores and labels
gps-drift,22,TODO_DATASET,TODO_DETECTOR_PROFILE,TODO_DATASET_OR_DEPLOYMENT_REQUIRED,TODO: count from labeled detections,TODO: count from labeled detections,TODO: count from labeled detections,TODO: count from labeled detections,TODO: derive from TP/FP,TODO: derive from TP/FN,TODO: derive from precision/recall,TODO: compute from scores and labels
gps-drift,23,TODO_DATASET,TODO_DETECTOR_PROFILE,TODO_DATASET_OR_DEPLOYMENT_REQUIRED,TODO: count from labeled detections,TODO: count from labeled detections,TODO: count from labeled detections,TODO: count from labeled detections,TODO: derive from TP/FP,TODO: derive from TP/FN,TODO: derive from precision/recall,TODO: compute from scores and labels
gps-drift,24,TODO_DATASET,TODO_DETECTOR_PROFILE,TODO_DATASET_OR_DEPLOYMENT_REQUIRED,TODO: count from labeled detections,TODO: count from labeled detections,TODO: count from labeled detections,TODO: count from labeled detections,TODO: derive from TP/FP,TODO: derive from TP/FN,TODO: derive from precision/recall,TODO: compute from scores and labels
gps-drift,25,TODO_DATASET,TODO_DETECTOR_PROFILE,TODO_DATASET_OR_DEPLOYMENT_REQUIRED,TODO: count from labeled detections,TODO: count from labeled detections,TODO: count from labeled detections,TODO: count from labeled detections,TODO: derive from TP/FP,TODO: derive from TP/FN,TODO: derive from precision/recall,TODO: compute from scores and labels
gps-drift,26,TODO_DATASET,TODO_DETECTOR_PROFILE,TODO_DATASET_OR_DEPLOYMENT_REQUIRED,TODO: count from labeled detections,TODO: count from labeled detections,TODO: count from labeled detections,TODO: count from labeled detections,TODO: derive from TP/FP,TODO: derive from TP/FN,TODO: derive from precision/recall,TODO: compute from scores and labels
gps-drift,27,TODO_DATASET,TODO_DETECTOR_PROFILE,TODO_DATASET_OR_DEPLOYMENT_REQUIRED,TODO: count from labeled detections,TODO: count from labeled detections,TODO: count from labeled detections,TODO: count from labeled detections,TODO: derive from TP/FP,TODO: derive from TP/FN,TODO: derive from precision/recall,TODO: compute from scores and labels
gps-drift,28,TODO_DATASET,TODO_DETECTOR_PROFILE,TODO_DATASET_OR_DEPLOYMENT_REQUIRED,TODO: count from labeled detections,TODO: count from labeled detections,TODO: count from labeled detections,TODO: count from labeled detections,TODO: derive from TP/FP,TODO: derive from TP/FN,TODO: derive from precision/recall,TODO: compute from scores and labels
gps-drift,29,TODO_DATASET,TODO_DETECTOR_PROFILE,TODO_DATASET_OR_DEPLOYMENT_REQUIRED,TODO: count from labeled detections,TODO: count from labeled detections,TODO: count from labeled detections,TODO: count from labeled detections,TODO: derive from TP/FP,TODO: derive from TP/FN,TODO: derive from precision/recall,TODO: compute from scores and labels
sensor-noise,0,TODO_DATASET,TODO_DETECTOR_PROFILE,TODO_DATASET_OR_DEPLOYMENT_REQUIRED,TODO: count from labeled detections,TODO: count from labeled detections,TODO: count from labeled detections,TODO: count from labeled detections,TODO: derive from TP/FP,TODO: derive from TP/FN,TODO: derive from precision/recall,TODO: compute from scores and labels
sensor-noise,1,TODO_DATASET,TODO_DETECTOR_PROFILE,TODO_DATASET_OR_DEPLOYMENT_REQUIRED,TODO: count from labeled detections,TODO: count from labeled detections,TODO: count from labeled detections,TODO: count from labeled detections,TODO: derive from TP/FP,TODO: derive from TP/FN,TODO: derive from precision/recall,TODO: compute from scores and labels
sensor-noise,2,TODO_DATASET,TODO_DETECTOR_PROFILE,TODO_DATASET_OR_DEPLOYMENT_REQUIRED,TODO: count from labeled detections,TODO: count from labeled detections,TODO: count from labeled detections,TODO: count from labeled detections,TODO: derive from TP/FP,TODO: derive from TP/FN,TODO: derive from precision/recall,TODO: compute from scores and labels
sensor-noise,3,TODO_DATASET,TODO_DETECTOR_PROFILE,TODO_DATASET_OR_DEPLOYMENT_REQUIRED,TODO: count from labeled detections,TODO: count from labeled detections,TODO: count from labeled detections,TODO: count from labeled detections,TODO: derive from TP/FP,TODO: derive from TP/FN,TODO: derive from precision/recall,TODO: compute from scores and labels
sensor-noise,4,TODO_DATASET,TODO_DETECTOR_PROFILE,TODO_DATASET_OR_DEPLOYMENT_REQUIRED,TODO: count from labeled detections,TODO: count from labeled detections,TODO: count from labeled detections,TODO: count from labeled detections,TODO: derive from TP/FP,TODO: derive from TP/FN,TODO: derive from precision/recall,TODO: compute from scores and labels
sensor-noise,5,TODO_DATASET,TODO_DETECTOR_PROFILE,TODO_DATASET_OR_DEPLOYMENT_REQUIRED,TODO: count from labeled detections,TODO: count from labeled detections,TODO: count from labeled detections,TODO: count from labeled detections,TODO: derive from TP/FP,TODO: derive from TP/FN,TODO: derive from precision/recall,TODO: compute from scores and labels
sensor-noise,6,TODO_DATASET,TODO_DETECTOR_PROFILE,TODO_DATASET_OR_DEPLOYMENT_REQUIRED,TODO: count from labeled detections,TODO: count from labeled detections,TODO: count from labeled detections,TODO: count from labeled detections,TODO: derive from TP/FP,TODO: derive from TP/FN,TODO: derive from precision/recall,TODO: compute from scores and labels
sensor-noise,7,TODO_DATASET,TODO_DETECTOR_PROFILE,TODO_DATASET_OR_DEPLOYMENT_REQUIRED,TODO: count from labeled detections,TODO: count from labeled detections,TODO: count from labeled detections,TODO: count from labeled detections,TODO: derive from TP/FP,TODO: derive from TP/FN,TODO: derive from precision/recall,TODO: compute from scores and labels
sensor-noise,8,TODO_DATASET,TODO_DETECTOR_PROFILE,TODO_DATASET_OR_DEPLOYMENT_REQUIRED,TODO: count from labeled detections,TODO: count from labeled detections,TODO: count from labeled detections,TODO: count from labeled detections,TODO: derive from TP/FP,TODO: derive from TP/FN,TODO: derive from precision/recall,TODO: compute from scores and labels
sensor-noise,9,TODO_DATASET,TODO_DETECTOR_PROFILE,TODO_DATASET_OR_DEPLOYMENT_REQUIRED,TODO: count from labeled detections,TODO: count from labeled detections,TODO: count from labeled detections,TODO: count from labeled detections,TODO: derive from TP/FP,TODO: derive from TP/FN,TODO: derive from precision/recall,TODO: compute from scores and labels
sensor-noise,10,TODO_DATASET,TODO_DETECTOR_PROFILE,TODO_DATASET_OR_DEPLOYMENT_REQUIRED,TODO: count from labeled detections,TODO: count from labeled detections,TODO: count from labeled detections,TODO: count from labeled detections,TODO: derive from TP/FP,TODO: derive from TP/FN,TODO: derive from precision/recall,TODO: compute from scores and labels
sensor-noise,11,TODO_DATASET,TODO_DETECTOR_PROFILE,TODO_DATASET_OR_DEPLOYMENT_REQUIRED,TODO: count from labeled detections,TODO: count from labeled detections,TODO: count from labeled detections,TODO: count from labeled detections,TODO: derive from TP/FP,TODO: derive from TP/FN,TODO: derive from precision/recall,TODO: compute from scores and labels
sensor-noise,12,TODO_DATASET,TODO_DETECTOR_PROFILE,TODO_DATASET_OR_DEPLOYMENT_REQUIRED,TODO: count from labeled detections,TODO: count from labeled detections,TODO: count from labeled detections,TODO: count from labeled detections,TODO: derive from TP/FP,TODO: derive from TP/FN,TODO: derive from precision/recall,TODO: compute from scores and labels
sensor-noise,13,TODO_DATASET,TODO_DETECTOR_PROFILE,TODO_DATASET_OR_DEPLOYMENT_REQUIRED,TODO: count from labeled detections,TODO: count from labeled detections,TODO: count from labeled detections,TODO: count from labeled detections,TODO: derive from TP/FP,TODO: derive from TP/FN,TODO: derive from precision/recall,TODO: compute from scores and labels
sensor-noise,14,TODO_DATASET,TODO_DETECTOR_PROFILE,TODO_DATASET_OR_DEPLOYMENT_REQUIRED,TODO: count from labeled detections,TODO: count from labeled detections,TODO: count from labeled detections,TODO: count from labeled detections,TODO: derive from TP/FP,TODO: derive from TP/FN,TODO: derive from precision/recall,TODO: compute from scores and labels
sensor-noise,15,TODO_DATASET,TODO_DETECTOR_PROFILE,TODO_DATASET_OR_DEPLOYMENT_REQUIRED,TODO: count from labeled detections,TODO: count from labeled detections,TODO: count from labeled detections,TODO: count from labeled detections,TODO: derive from TP/FP,TODO: derive from TP/FN,TODO: derive from precision/recall,TODO: compute from scores and labels
sensor-noise,16,TODO_DATASET,TODO_DETECTOR_PROFILE,TODO_DATASET_OR_DEPLOYMENT_REQUIRED,TODO: count from labeled detections,TODO: count from labeled detections,TODO: count from labeled detections,TODO: count from labeled detections,TODO: derive from TP/FP,TODO: derive from TP/FN,TODO: derive from precision/recall,TODO: compute from scores and labels
sensor-noise,17,TODO_DATASET,TODO_DETECTOR_PROFILE,TODO_DATASET_OR_DEPLOYMENT_REQUIRED,TODO: count from labeled detections,TODO: count from labeled detections,TODO: count from labeled detections,TODO: count from labeled detections,TODO: derive from TP/FP,TODO: derive from TP/FN,TODO: derive from precision/recall,TODO: compute from scores and labels
sensor-noise,18,TODO_DATASET,TODO_DETECTOR_PROFILE,TODO_DATASET_OR_DEPLOYMENT_REQUIRED,TODO: count from labeled detections,TODO: count from labeled detections,TODO: count from labeled detections,TODO: count from labeled detections,TODO: derive from TP/FP,TODO: derive from TP/FN,TODO: derive from precision/recall,TODO: compute from scores and labels
sensor-noise,19,TODO_DATASET,TODO_DETECTOR_PROFILE,TODO_DATASET_OR_DEPLOYMENT_REQUIRED,TODO: count from labeled detections,TODO: count from labeled detections,TODO: count from labeled detections,TODO: count from labeled detections,TODO: derive from TP/FP,TODO: derive from TP/FN,TODO: derive from precision/recall,TODO: compute from scores and labels
sensor-noise,20,TODO_DATASET,TODO_DETECTOR_PROFILE,TODO_DATASET_OR_DEPLOYMENT_REQUIRED,TODO: count from labeled detections,TODO: count from labeled detections,TODO: count from labeled detections,TODO: count from labeled detections,TODO: derive from TP/FP,TODO: derive from TP/FN,TODO: derive from precision/recall,TODO: compute from scores and labels
sensor-noise,21,TODO_DATASET,TODO_DETECTOR_PROFILE,TODO_DATASET_OR_DEPLOYMENT_REQUIRED,TODO: count from labeled detections,TODO: count from labeled detections,TODO: count from labeled detections,TODO: count from labeled detections,TODO: derive from TP/FP,TODO: derive from TP/FN,TODO: derive from precision/recall,TODO: compute from scores and labels
sensor-noise,22,TODO_DATASET,TODO_DETECTOR_PROFILE,TODO_DATASET_OR_DEPLOYMENT_REQUIRED,TODO: count from labeled detections,TODO: count from labeled detections,TODO: count from labeled detections,TODO: count from labeled detections,TODO: derive from TP/FP,TODO: derive from TP/FN,TODO: derive from precision/recall,TODO: compute from scores and labels
sensor-noise,23,TODO_DATASET,TODO_DETECTOR_PROFILE,TODO_DATASET_OR_DEPLOYMENT_REQUIRED,TODO: count from labeled detections,TODO: count from labeled detections,TODO: count from labeled detections,TODO: count from labeled detections,TODO: derive from TP/FP,TODO: derive from TP/FN,TODO: derive from precision/recall,TODO: compute from scores and labels
sensor-noise,24,TODO_DATASET,TODO_DETECTOR_PROFILE,TODO_DATASET_OR_DEPLOYMENT_REQUIRED,TODO: count from labeled detections,TODO: count from labeled detections,TODO: count from labeled detections,TODO: count from labeled detections,TODO: derive from TP/FP,TODO: derive from TP/FN,TODO: derive from precision/recall,TODO: compute from scores and labels
sensor-noise,25,TODO_DATASET,TODO_DETECTOR_PROFILE,TODO_DATASET_OR_DEPLOYMENT_REQUIRED,TODO: count from labeled detections,TODO: count from labeled detections,TODO: count from labeled detections,TODO: count from labeled detections,TODO: derive from TP/FP,TODO: derive from TP/FN,TODO: derive from precision/recall,TODO: compute from scores and labels
sensor-noise,26,TODO_DATASET,TODO_DETECTOR_PROFILE,TODO_DATASET_OR_DEPLOYMENT_REQUIRED,TODO: count from labeled detections,TODO: count from labeled detections,TODO: count from labeled detections,TODO: count from labeled detections,TODO: derive from TP/FP,TODO: derive from TP/FN,TODO: derive from precision/recall,TODO: compute from scores and labels
sensor-noise,27,TODO_DATASET,TODO_DETECTOR_PROFILE,TODO_DATASET_OR_DEPLOYMENT_REQUIRED,TODO: count from labeled detections,TODO: count from labeled detections,TODO: count from labeled detections,TODO: count from labeled detections,TODO: derive from TP/FP,TODO: derive from TP/FN,TODO: derive from precision/recall,TODO: compute from scores and labels
sensor-noise,28,TODO_DATASET,TODO_DETECTOR_PROFILE,TODO_DATASET_OR_DEPLOYMENT_REQUIRED,TODO: count from labeled detections,TODO: count from labeled detections,TODO: count from labeled detections,TODO: count from labeled detections,TODO: derive from TP/FP,TODO: derive from TP/FN,TODO: derive from precision/recall,TODO: compute from scores and labels
sensor-noise,29,TODO_DATASET,TODO_DETECTOR_PROFILE,TODO_DATASET_OR_DEPLOYMENT_REQUIRED,TODO: count from labeled detections,TODO: count from labeled detections,TODO: count from labeled detections,TODO: count from labeled detections,TODO: derive from TP/FP,TODO: derive from TP/FN,TODO: derive from precision/recall,TODO: compute from scores and labels
gradual-poisoning,0,TODO_DATASET,TODO_DETECTOR_PROFILE,TODO_DATASET_OR_DEPLOYMENT_REQUIRED,TODO: count from labeled detections,TODO: count from labeled detections,TODO: count from labeled detections,TODO: count from labeled detections,TODO: derive from TP/FP,TODO: derive from TP/FN,TODO: derive from precision/recall,TODO: compute from scores and labels
gradual-poisoning,1,TODO_DATASET,TODO_DETECTOR_PROFILE,TODO_DATASET_OR_DEPLOYMENT_REQUIRED,TODO: count from labeled detections,TODO: count from labeled detections,TODO: count from labeled detections,TODO: count from labeled detections,TODO: derive from TP/FP,TODO: derive from TP/FN,TODO: derive from precision/recall,TODO: compute from scores and labels
gradual-poisoning,2,TODO_DATASET,TODO_DETECTOR_PROFILE,TODO_DATASET_OR_DEPLOYMENT_REQUIRED,TODO: count from labeled detections,TODO: count from labeled detections,TODO: count from labeled detections,TODO: count from labeled detections,TODO: derive from TP/FP,TODO: derive from TP/FN,TODO: derive from precision/recall,TODO: compute from scores and labels
gradual-poisoning,3,TODO_DATASET,TODO_DETECTOR_PROFILE,TODO_DATASET_OR_DEPLOYMENT_REQUIRED,TODO: count from labeled detections,TODO: count from labeled detections,TODO: count from labeled detections,TODO: count from labeled detections,TODO: derive from TP/FP,TODO: derive from TP/FN,TODO: derive from precision/recall,TODO: compute from scores and labels
gradual-poisoning,4,TODO_DATASET,TODO_DETECTOR_PROFILE,TODO_DATASET_OR_DEPLOYMENT_REQUIRED,TODO: count from labeled detections,TODO: count from labeled detections,TODO: count from labeled detections,TODO: count from labeled detections,TODO: derive from TP/FP,TODO: derive from TP/FN,TODO: derive from precision/recall,TODO: compute from scores and labels
gradual-poisoning,5,TODO_DATASET,TODO_DETECTOR_PROFILE,TODO_DATASET_OR_DEPLOYMENT_REQUIRED,TODO: count from labeled detections,TODO: count from labeled detections,TODO: count from labeled detections,TODO: count from labeled detections,TODO: derive from TP/FP,TODO: derive from TP/FN,TODO: derive from precision/recall,TODO: compute from scores and labels
gradual-poisoning,6,TODO_DATASET,TODO_DETECTOR_PROFILE,TODO_DATASET_OR_DEPLOYMENT_REQUIRED,TODO: count from labeled detections,TODO: count from labeled detections,TODO: count from labeled detections,TODO: count from labeled detections,TODO: derive from TP/FP,TODO: derive from TP/FN,TODO: derive from precision/recall,TODO: compute from scores and labels
gradual-poisoning,7,TODO_DATASET,TODO_DETECTOR_PROFILE,TODO_DATASET_OR_DEPLOYMENT_REQUIRED,TODO: count from labeled detections,TODO: count from labeled detections,TODO: count from labeled detections,TODO: count from labeled detections,TODO: derive from TP/FP,TODO: derive from TP/FN,TODO: derive from precision/recall,TODO: compute from scores and labels
gradual-poisoning,8,TODO_DATASET,TODO_DETECTOR_PROFILE,TODO_DATASET_OR_DEPLOYMENT_REQUIRED,TODO: count from labeled detections,TODO: count from labeled detections,TODO: count from labeled detections,TODO: count from labeled detections,TODO: derive from TP/FP,TODO: derive from TP/FN,TODO: derive from precision/recall,TODO: compute from scores and labels
gradual-poisoning,9,TODO_DATASET,TODO_DETECTOR_PROFILE,TODO_DATASET_OR_DEPLOYMENT_REQUIRED,TODO: count from labeled detections,TODO: count from labeled detections,TODO: count from labeled detections,TODO: count from labeled detections,TODO: derive from TP/FP,TODO: derive from TP/FN,TODO: derive from precision/recall,TODO: compute from scores and labels
gradual-poisoning,10,TODO_DATASET,TODO_DETECTOR_PROFILE,TODO_DATASET_OR_DEPLOYMENT_REQUIRED,TODO: count from labeled detections,TODO: count from labeled detections,TODO: count from labeled detections,TODO: count from labeled detections,TODO: derive from TP/FP,TODO: derive from TP/FN,TODO: derive from precision/recall,TODO: compute from scores and labels
gradual-poisoning,11,TODO_DATASET,TODO_DETECTOR_PROFILE,TODO_DATASET_OR_DEPLOYMENT_REQUIRED,TODO: count from labeled detections,TODO: count from labeled detections,TODO: count from labeled detections,TODO: count from labeled detections,TODO: derive from TP/FP,TODO: derive from TP/FN,TODO: derive from precision/recall,TODO: compute from scores and labels
gradual-poisoning,12,TODO_DATASET,TODO_DETECTOR_PROFILE,TODO_DATASET_OR_DEPLOYMENT_REQUIRED,TODO: count from labeled detections,TODO: count from labeled detections,TODO: count from labeled detections,TODO: count from labeled detections,TODO: derive from TP/FP,TODO: derive from TP/FN,TODO: derive from precision/recall,TODO: compute from scores and labels
gradual-poisoning,13,TODO_DATASET,TODO_DETECTOR_PROFILE,TODO_DATASET_OR_DEPLOYMENT_REQUIRED,TODO: count from labeled detections,TODO: count from labeled detections,TODO: count from labeled detections,TODO: count from labeled detections,TODO: derive from TP/FP,TODO: derive from TP/FN,TODO: derive from precision/recall,TODO: compute from scores and labels
gradual-poisoning,14,TODO_DATASET,TODO_DETECTOR_PROFILE,TODO_DATASET_OR_DEPLOYMENT_REQUIRED,TODO: count from labeled detections,TODO: count from labeled detections,TODO: count from labeled detections,TODO: count from labeled detections,TODO: derive from TP/FP,TODO: derive from TP/FN,TODO: derive from precision/recall,TODO: compute from scores and labels
gradual-poisoning,15,TODO_DATASET,TODO_DETECTOR_PROFILE,TODO_DATASET_OR_DEPLOYMENT_REQUIRED,TODO: count from labeled detections,TODO: count from labeled detections,TODO: count from labeled detections,TODO: count from labeled detections,TODO: derive from TP/FP,TODO: derive from TP/FN,TODO: derive from precision/recall,TODO: compute from scores and labels
gradual-poisoning,16,TODO_DATASET,TODO_DETECTOR_PROFILE,TODO_DATASET_OR_DEPLOYMENT_REQUIRED,TODO: count from labeled detections,TODO: count from labeled detections,TODO: count from labeled detections,TODO: count from labeled detections,TODO: derive from TP/FP,TODO: derive from TP/FN,TODO: derive from precision/recall,TODO: compute from scores and labels
gradual-poisoning,17,TODO_DATASET,TODO_DETECTOR_PROFILE,TODO_DATASET_OR_DEPLOYMENT_REQUIRED,TODO: count from labeled detections,TODO: count from labeled detections,TODO: count from labeled detections,TODO: count from labeled detections,TODO: derive from TP/FP,TODO: derive from TP/FN,TODO: derive from precision/recall,TODO: compute from scores and labels
gradual-poisoning,18,TODO_DATASET,TODO_DETECTOR_PROFILE,TODO_DATASET_OR_DEPLOYMENT_REQUIRED,TODO: count from labeled detections,TODO: count from labeled detections,TODO: count from labeled detections,TODO: count from labeled detections,TODO: derive from TP/FP,TODO: derive from TP/FN,TODO: derive from precision/recall,TODO: compute from scores and labels
gradual-poisoning,19,TODO_DATASET,TODO_DETECTOR_PROFILE,TODO_DATASET_OR_DEPLOYMENT_REQUIRED,TODO: count from labeled detections,TODO: count from labeled detections,TODO: count from labeled detections,TODO: count from labeled detections,TODO: derive from TP/FP,TODO: derive from TP/FN,TODO: derive from precision/recall,TODO: compute from scores and labels
gradual-poisoning,20,TODO_DATASET,TODO_DETECTOR_PROFILE,TODO_DATASET_OR_DEPLOYMENT_REQUIRED,TODO: count from labeled detections,TODO: count from labeled detections,TODO: count from labeled detections,TODO: count from labeled detections,TODO: derive from TP/FP,TODO: derive from TP/FN,TODO: derive from precision/recall,TODO: compute from scores and labels
gradual-poisoning,21,TODO_DATASET,TODO_DETECTOR_PROFILE,TODO_DATASET_OR_DEPLOYMENT_REQUIRED,TODO: count from labeled detections,TODO: count from labeled detections,TODO: count from labeled detections,TODO: count from labeled detections,TODO: derive from TP/FP,TODO: derive from TP/FN,TODO: derive from precision/recall,TODO: compute from scores and labels
gradual-poisoning,22,TODO_DATASET,TODO_DETECTOR_PROFILE,TODO_DATASET_OR_DEPLOYMENT_REQUIRED,TODO: count from labeled detections,TODO: count from labeled detections,TODO: count from labeled detections,TODO: count from labeled detections,TODO: derive from TP/FP,TODO: derive from TP/FN,TODO: derive from precision/recall,TODO: compute from scores and labels
gradual-poisoning,23,TODO_DATASET,TODO_DETECTOR_PROFILE,TODO_DATASET_OR_DEPLOYMENT_REQUIRED,TODO: count from labeled detections,TODO: count from labeled detections,TODO: count from labeled detections,TODO: count from labeled detections,TODO: derive from TP/FP,TODO: derive from TP/FN,TODO: derive from precision/recall,TODO: compute from scores and labels
gradual-poisoning,24,TODO_DATASET,TODO_DETECTOR_PROFILE,TODO_DATASET_OR_DEPLOYMENT_REQUIRED,TODO: count from labeled detections,TODO: count from labeled detections,TODO: count from labeled detections,TODO: count from labeled detections,TODO: derive from TP/FP,TODO: derive from TP/FN,TODO: derive from precision/recall,TODO: compute from scores and labels
gradual-poisoning,25,TODO_DATASET,TODO_DETECTOR_PROFILE,TODO_DATASET_OR_DEPLOYMENT_REQUIRED,TODO: count from labeled detections,TODO: count from labeled detections,TODO: count from labeled detections,TODO: count from labeled detections,TODO: derive from TP/FP,TODO: derive from TP/FN,TODO: derive from precision/recall,TODO: compute from scores and labels
gradual-poisoning,26,TODO_DATASET,TODO_DETECTOR_PROFILE,TODO_DATASET_OR_DEPLOYMENT_REQUIRED,TODO: count from labeled detections,TODO: count from labeled detections,TODO: count from labeled detections,TODO: count from labeled detections,TODO: derive from TP/FP,TODO: derive from TP/FN,TODO: derive from precision/recall,TODO: compute from scores and labels
gradual-poisoning,27,TODO_DATASET,TODO_DETECTOR_PROFILE,TODO_DATASET_OR_DEPLOYMENT_REQUIRED,TODO: count from labeled detections,TODO: count from labeled detections,TODO: count from labeled detections,TODO: count from labeled detections,TODO: derive from TP/FP,TODO: derive from TP/FN,TODO: derive from precision/recall,TODO: compute from scores and labels
gradual-poisoning,28,TODO_DATASET,TODO_DETECTOR_PROFILE,TODO_DATASET_OR_DEPLOYMENT_REQUIRED,TODO: count from labeled detections,TODO: count from labeled detections,TODO: count from labeled detections,TODO: count from labeled detections,TODO: derive from TP/FP,TODO: derive from TP/FN,TODO: derive from precision/recall,TODO: compute from scores and labels
gradual-poisoning,29,TODO_DATASET,TODO_DETECTOR_PROFILE,TODO_DATASET_OR_DEPLOYMENT_REQUIRED,TODO: count from labeled detections,TODO: count from labeled detections,TODO: count from labeled detections,TODO: count from labeled detections,TODO: derive from TP/FP,TODO: derive from TP/FN,TODO: derive from precision/recall,TODO: compute from scores and labels
